{
    "EDA_t-1->EDA_t": 0.7411341283528037,
    "EDA_t-2->EDA_t": -0.11439756152807995,
    "EDA_t-2->EDA\u00d7HR_t": 0.11618761056908186,
    "HeartRate_t-1->EDA_t": 0.09714903365572741,
    "HeartRate_t-2->EDA_t": -0.08778919037664387,
    "HeartRate_t-1->HeartRate_t": 0.7675703594476373,
    "HeartRate_t-2->HeartRate_t": -0.28413510064541125,
    "HeartRate_t-1->Theta_TP9_t": 0.07428202023846656,
    "HeartRate_t-2->Alpha/Beta_t": 0.06979711218098068,
    "HeartRate_t-1->EDA\u00d7HR_t": 0.09703931162290041,
    "SkinTemp_t-1->SkinTemp_t": 0.7108457942644217,
    "SkinTemp_t-1->Beta_TP9_t": 0.08898603045631934,
    "SkinTemp_t-1->Theta_TP9_t": 0.07163781146462639,
    "Alpha_TP9_t-1->HeartRate_t": 0.17666904410187395,
    "Alpha_TP9_t-1->Alpha_TP9_t": 0.6296823068553425,
    "Alpha_TP9_t-1->Delta_TP9_t": 0.0860060825076462,
    "Alpha_TP9_t-2->Gamma_TP9_t": 0.09438670206010107,
    "Alpha_TP9_t-1->Theta/Beta_t": 0.10267654533747948,
    "Beta_TP9_t-2->EDA_t": 0.15192045896633666,
    "Beta_TP9_t-1->HeartRate_t": 0.1365188632761691,
    "Beta_TP9_t-1->Alpha_TP9_t": 0.08067454837117886,
    "Beta_TP9_t-2->Alpha_TP9_t": 0.08714866608560277,
    "Beta_TP9_t-1->Beta_TP9_t": 0.6521512715913591,
    "Beta_TP9_t-1->Theta_TP9_t": 0.06997980462008019,
    "Beta_TP9_t-1->Delta_TP9_t": 0.08837584203569696,
    "Beta_TP9_t-2->Delta_TP9_t": 0.07907857760273942,
    "Beta_TP9_t-1->Theta/Beta_t": 0.10254837632002056,
    "Beta_TP9_t-2->EDA\u00d7HR_t": 0.17786756306238072,
    "Theta_TP9_t-1->HeartRate_t": 0.18477537895156843,
    "Theta_TP9_t-1->Alpha_TP9_t": 0.08264964373486991,
    "Theta_TP9_t-1->Beta_TP9_t": 0.0870725254828465,
    "Theta_TP9_t-1->Theta_TP9_t": 0.5711850196344602,
    "Theta_TP9_t-1->Delta_TP9_t": 0.09212195989329142,
    "Theta_TP9_t-1->Gamma_TP9_t": 0.08847647348107696,
    "Theta_TP9_t-1->Theta/Beta_t": 0.11989951196095194,
    "Delta_TP9_t-1->HeartRate_t": 0.1826557293549727,
    "Delta_TP9_t-1->Delta_TP9_t": 0.6145602892134563,
    "Delta_TP9_t-1->Theta/Beta_t": 0.07719091804661388,
    "Gamma_TP9_t-1->Gamma_TP9_t": 0.6131871540032375,
    "Alpha/Beta_t-2->EDA_t": -0.09744503460413581,
    "Alpha/Beta_t-1->Alpha/Beta_t": 0.5958664602779287,
    "Alpha/Beta_t-2->EDA\u00d7HR_t": -0.08127386020925295,
    "Theta/Beta_t-1->HeartRate_t": 0.08350933340729307,
    "Theta/Beta_t-1->Gamma_TP9_t": 0.08217210626288707,
    "Theta/Beta_t-2->Alpha/Beta_t": 0.07181435651235327,
    "Theta/Beta_t-1->Theta/Beta_t": 0.5351325216001621,
    "EDA\u00d7HR_t-1->EDA\u00d7HR_t": 0.7492955486527082,
    "EDA\u00d7HR_t-2->EDA\u00d7HR_t": -0.18800172425118905,
    "Fatigue_t-1->Beta_TP9_t": 0.08945619409888912,
    "Fatigue_t-1->Delta_TP9_t": 0.09098702374509904,
    "Fatigue_t-1->Fatigue_t": 0.6949069954721065
}