{
    "EDA_t-1->EDA_t": 0.7402520212438388,
    "EDA_t-2->EDA_t": -0.11485715180286739,
    "HeartRate_t-1->EDA_t": 0.09237609572995062,
    "HeartRate_t-2->EDA_t": -0.0864318121545489,
    "HeartRate_t-1->HeartRate_t": 0.7542230614903545,
    "HeartRate_t-2->HeartRate_t": -0.2696836871801945,
    "Alpha_TP9_t-1->HeartRate_t": 0.16095155176210219,
    "Alpha_TP9_t-2->HeartRate_t": -0.08744389671863849,
    "Alpha_TP9_t-1->Alpha_TP9_t": 0.6296823068553425,
    "Beta_TP9_t-2->EDA_t": 0.1458820277124606,
    "Beta_TP9_t-1->Alpha_TP9_t": 0.07590539340381794,
    "Beta_TP9_t-2->Alpha_TP9_t": 0.09134124210801943,
    "Beta_TP9_t-1->Beta_TP9_t": 0.6440193250869446,
    "Alpha_AF8_t-2->EDA_t": 0.08786286723716843,
    "Alpha_AF8_t-1->HeartRate_t": 0.13689808798999759,
    "Alpha_AF8_t-2->HeartRate_t": -0.07555910280052422,
    "Alpha_AF8_t-1->Alpha_AF8_t": 0.5621598484877566,
    "Alpha_AF8_t-1->Beta_AF8_t": -0.1312373713938666,
    "Beta_AF8_t-1->Alpha_TP9_t": 0.08888333652194,
    "Beta_AF8_t-1->Beta_TP9_t": 0.08617511891285345,
    "Beta_AF8_t-1->Beta_AF8_t": 0.4960070353704155,
    "Fatigue_t-1->Beta_TP9_t": 0.08105393418085981,
    "Fatigue_t-1->Fatigue_t": 0.6949069954721065
}